{
  "Results": [
    {
      "MULTIPLE VALUES": "BORROWER",
      "ts": 1592521544304,
      "ENTITY TYPE": "NAME",
      "selection_input": {
        "page": {
          "size": {
            "width": 850,
            "height": 1100
          },
          "document_index": 0,
          "PageJpeg": "5eeb91e5291526ada929a5fb",
          "DocumentId": "4cb877c5-74c0-48d7-9ad8-1c047ed86b00",
          "scale": 0.3333333333333333,
          "PageOcr": "5eeb92183313f07971eaf17a",
          "file_index": 0
        },
        "text": "Behrens",
        "pos_original": {
          "x0": 71.44444444444444,
          "y1": 31.666666666666668,
          "x1": 79.66666666666667,
          "y0": 30.222222222222218
        },
        "pos": {
          "x0": 214.33333333333331,
          "y1": 95,
          "x1": 239,
          "y0": 90.66666666666666
        },
        "ocr": [
          {
            "pos": {
              "x0": 214.33333333333331,
              "y1": 95,
              "x1": 239,
              "y0": 90.66666666666666
            },
            "text": "Behrens"
          }
        ],
        "pos_normalized": {
          "x0": 0.252156862745098,
          "y1": 0.08636363636363636,
          "x1": 0.2811764705882353,
          "y0": 0.08242424242424241
        }
      },
      "label": "Borrower Full Name",
      "ttl": 1750201544,
      "Fields": {
        "clone_id": 0,
        "UserName": "nagapraveen.arigala@bkfs.com",
        "ENTITY ORIGIN": "BORROWER FULL NAME",
        "selection_input": {
          "page": {
            "size": {
              "width": 850,
              "height": 1100
            },
            "document_index": 0,
            "PageJpeg": "5eeb91e5291526ada929a5fb",
            "DocumentId": "4cb877c5-74c0-48d7-9ad8-1c047ed86b00",
            "scale": 0.3333333333333333,
            "PageOcr": "5eeb92183313f07971eaf17a",
            "file_index": 0
          },
          "text": "Behrens",
          "pos_original": {
            "x0": 71.44444444444444,
            "y1": 31.666666666666668,
            "x1": 79.66666666666667,
            "y0": 30.222222222222218
          },
          "pos": {
            "x0": 214.33333333333331,
            "y1": 95,
            "x1": 239,
            "y0": 90.66666666666666
          },
          "ocr": [
            {
              "pos": {
                "x0": 214.33333333333331,
                "y1": 95,
                "x1": 239,
                "y0": 90.66666666666666
              },
              "text": "Behrens"
            }
          ],
          "pos_normalized": {
            "x0": 0.252156862745098,
            "y1": 0.08636363636363636,
            "x1": 0.2811764705882353,
            "y0": 0.08242424242424241
          }
        },
        "IS": "ENTITY",
        "label": "Borrower Full Name",
        "ENTITY ID": "7ed7a538-01c4-3c42-a98e-bff8182110d1",
        "DATAPOINT ORDER": "5",
        "MULTIPLE VALUES": "BORROWER",
        "NAME": "BORROWER FULL NAME",
        "GROUP NAME": "Group3",
        "ENTITY DERIVATION": "[{\"operands\":[\"BORROWER FIRST NAME\",\"BORROWER MIDDLE NAME\",\"BORROWER LAST NAME\",\"BORROWER SUFFIX NAME\",\" \"],\"operator\":\"CONCAT\",\"id\":\"BORROWER FULL NAME\"}]",
        "FileIndex": 0,
        "ENTITY": "MORTGAGE TYPE",
        "ENTITY TYPE": "NAME",
        "DOCUMENT TYPE": "CLOSING DISCLOSURE",
        "aivaextracteddatapoint": {
          "coordinates": {
            "x0": 643,
            "y1": 285,
            "x1": 717,
            "y0": 272
          },
          "text": "Behrens",
          "entity_id": "67629bd9-e5b6-4a48-94ac-1d7ecd488057_2",
          "confidence": 0.9474734068
        },
        "group_label": "Borrower Info",
        "CHILD ENTITY TYPE": "PERSON NAME",
        "ID": "4ebaa459-f31c-3ae4-82ee-97cf88cac879",
        "value": {
          "type": "text",
          "value": "Behrens",
          "source": "aivaextracteddatapoint"
        },
        "DocumentIndex": 0
      },
      "DOCUMENT TYPE": "CLOSING DISCLOSURE",
      "ObjectId": "f2be686dc7ec830af3afbb5d4d321066",
      "DATAPOINT ORDER": "5",
      "Attributes": {
        "ExtractionUI::TransactionId": "ca2b8b3f-160b-4f82-bc2b-c2954e64329e",
        "ExtractionUI::DocumentId": "4cb877c5-74c0-48d7-9ad8-1c047ed86b00",
        "NAME": "BORROWER FULL NAME",
        "TransactionId": "ca2b8b3f-160b-4f82-bc2b-c2954e64329e"
      },
      "ID": "4ebaa459-f31c-3ae4-82ee-97cf88cac879",
      "clone_id": 0,
      "ENTITY ORIGIN": "BORROWER FULL NAME",
      "ENTITY DERIVATION": "[{\"operands\":[\"BORROWER FIRST NAME\",\"BORROWER MIDDLE NAME\",\"BORROWER LAST NAME\",\"BORROWER SUFFIX NAME\",\" \"],\"operator\":\"CONCAT\",\"id\":\"BORROWER FULL NAME\"}]",
      "GROUP NAME": "Group3",
      "group_label": "Borrower Info",
      "ENTITY ID": "7ed7a538-01c4-3c42-a98e-bff8182110d1",
      "IS": "ENTITY",
      "TransactionId": "ca2b8b3f-160b-4f82-bc2b-c2954e64329e",
      "Type": "ExtractionUI",
      "UserName": "nagapraveen.arigala@bkfs.com",
      "CHILD ENTITY TYPE": "PERSON NAME",
      "value": {
        "type": "text",
        "value": "Behrens",
        "source": "aivaextracteddatapoint"
      },
      "ENTITY": "MORTGAGE TYPE",
      "DocumentIndex": 0,
      "ExtractionUI::TransactionId": "ca2b8b3f-160b-4f82-bc2b-c2954e64329e",
      "ExtractionUI::DocumentId": "4cb877c5-74c0-48d7-9ad8-1c047ed86b00",
      "FileIndex": 0,
      "aivaextracteddatapoint": {
        "coordinates": {
          "x0": 643,
          "y1": 285,
          "x1": 717,
          "y0": 272
        },
        "text": "Behrens",
        "entity_id": "67629bd9-e5b6-4a48-94ac-1d7ecd488057_2",
        "confidence": 0.9474734068
      },
      "NAME": "BORROWER FULL NAME"
    }
  ],
  "Total": 1,
  "IndexScannedCount": 1
}
