{
  "Results": [
    {
      "ts": 1592515143778,
      "ENTITY TYPE": "CURRENCY",
      "selection_input": {
        "page": {
          "size": {
            "width": 850,
            "height": 1100
          },
          "document_index": 4,
          "PageJpeg": "5eeb8f8e5f31cc03beb19eb2",
          "DocumentId": "aaf0a95d-de87-442c-9d3c-00579ea09065",
          "scale": 0.3333333333333333,
          "PageOcr": "5eeb8fb848084d33b5b51c36",
          "file_index": 4
        },
        "text": "5",
        "pos_original": {
          "x0": 142.88888888888889,
          "y1": 119.55555555555554,
          "x1": 147.77777777777777,
          "y0": 118.22222222222221
        },
        "pos": {
          "x0": 428.66666666666663,
          "y1": 358.66666666666663,
          "x1": 443.3333333333333,
          "y0": 354.66666666666663
        },
        "ocr": [
          {
            "pos": {
              "x0": 428.66666666666663,
              "y1": 358.66666666666663,
              "x1": 443.3333333333333,
              "y0": 354.66666666666663
            },
            "text": "5"
          }
        ],
        "pos_normalized": {
          "x0": 0.504313725490196,
          "y1": 0.32606060606060605,
          "x1": 0.5215686274509803,
          "y0": 0.3224242424242424
        }
      },
      "label": "Homeowners Insurance Escrow Monthly Payment Amount",
      "ttl": 1750195143,
      "Fields": {
        "UserName": "vishal.varma.chitipothula@bkfs.com",
        "selection_input": {
          "page": {
            "size": {
              "width": 850,
              "height": 1100
            },
            "document_index": 4,
            "PageJpeg": "5eeb8f8e5f31cc03beb19eb2",
            "DocumentId": "aaf0a95d-de87-442c-9d3c-00579ea09065",
            "scale": 0.3333333333333333,
            "PageOcr": "5eeb8fb848084d33b5b51c36",
            "file_index": 4
          },
          "text": "5",
          "pos_original": {
            "x0": 142.88888888888889,
            "y1": 119.55555555555554,
            "x1": 147.77777777777777,
            "y0": 118.22222222222221
          },
          "pos": {
            "x0": 428.66666666666663,
            "y1": 358.66666666666663,
            "x1": 443.3333333333333,
            "y0": 354.66666666666663
          },
          "ocr": [
            {
              "pos": {
                "x0": 428.66666666666663,
                "y1": 358.66666666666663,
                "x1": 443.3333333333333,
                "y0": 354.66666666666663
              },
              "text": "5"
            }
          ],
          "pos_normalized": {
            "x0": 0.504313725490196,
            "y1": 0.32606060606060605,
            "x1": 0.5215686274509803,
            "y0": 0.3224242424242424
          }
        },
        "IS": "ENTITY",
        "label": "Homeowners Insurance Escrow Monthly Payment Amount",
        "DATAPOINT ORDER": "270",
        "NAME": "HOMEOWNERS INSURANCE ESCROW MONTHLY PAYMENT AMOUNT",
        "GROUP NAME": "Group6",
        "FileIndex": 4,
        "ENTITY TYPE": "CURRENCY",
        "DOCUMENT TYPE": "CLOSING DISCLOSURE",
        "aivaextracteddatapoint": {
          "coordinates": {
            "x0": 1286,
            "y1": 1076,
            "x1": 1330,
            "y0": 1064
          },
          "text": "5",
          "entity_id": "c135fdfc-7aa9-44c5-b061-ee2d366797b0",
          "confidence": 0.5381646156
        },
        "ID": "7dcfcd32-9f28-34a8-8c6a-4fb5be237e0e",
        "value": {
          "type": "text",
          "value": "5",
          "source": "aivaextracteddatapoint"
        },
        "DocumentIndex": 4
      },
      "DOCUMENT TYPE": "CLOSING DISCLOSURE",
      "ObjectId": "a52280c6a4362618973d0553e979a10e",
      "DATAPOINT ORDER": "270",
      "Attributes": {
        "ExtractionUI::TransactionId": "d72a8dd1-902a-4180-bda9-8be424d239c1",
        "ExtractionUI::DocumentId": "aaf0a95d-de87-442c-9d3c-00579ea09065",
        "NAME": "HOMEOWNERS INSURANCE ESCROW MONTHLY PAYMENT AMOUNT",
        "TransactionId": "d72a8dd1-902a-4180-bda9-8be424d239c1"
      },
      "ID": "7dcfcd32-9f28-34a8-8c6a-4fb5be237e0e",
      "GROUP NAME": "Group6",
      "IS": "ENTITY",
      "TransactionId": "d72a8dd1-902a-4180-bda9-8be424d239c1",
      "Type": "ExtractionUI",
      "UserName": "vishal.varma.chitipothula@bkfs.com",
      "value": {
        "type": "text",
        "value": "5",
        "source": "aivaextracteddatapoint"
      },
      "DocumentIndex": 4,
      "ExtractionUI::TransactionId": "d72a8dd1-902a-4180-bda9-8be424d239c1",
      "ExtractionUI::DocumentId": "aaf0a95d-de87-442c-9d3c-00579ea09065",
      "FileIndex": 4,
      "aivaextracteddatapoint": {
        "coordinates": {
          "x0": 1286,
          "y1": 1076,
          "x1": 1330,
          "y0": 1064
        },
        "text": "5",
        "entity_id": "c135fdfc-7aa9-44c5-b061-ee2d366797b0",
        "confidence": 0.5381646156
      },
      "NAME": "HOMEOWNERS INSURANCE ESCROW MONTHLY PAYMENT AMOUNT"
    }
  ],
  "Total": 1,
  "IndexScannedCount": 1
}
